{
    "name":"XRSDK Windows Mixed Reality",
    "version":"1.0.0",
    "libraryName":"WindowsMRXRSDK",
    "properties":{
        "Windows Mixed Reality Boot":true
    },
    "displays":[
        {
            "id":"Windows Mixed Reality Display",
            "supportedMirrorBlitReservedModes" : ["leftEye","rightEye", "sideBySide"],
            "disablesLegacyVr":true,
            "splashScreenIsWorldLocked":false
        }
    ],
    "inputs":[
        {
            "id":"Windows Mixed Reality Input"
        }
    ],
    "meshings":[
        {
            "id":"Windows Mixed Reality Meshing"
        }
    ]
}
